grigorev.a@inbox.ru;b'\xe5\xfc\x1b\xe3\xf3\xed\x9a\xb7+\xbe\xaeg\x98\xbc\xc6wa\xb7r\x99\xc9\xd6%\x9b\x90G::\xec\x1f\x81\xce'
berezin.m@yandex.ru;b"d\xa0\x86\xc4\x9eP\xb8x\xbc\xf3WC\x84\x9a\xabW/\xf9\xdd'V\x9d?\xa9\x9bI\x1c\xae\xc0\xcdV\xb0"
ivanova.a@inbox.ru;b'\xf7\xbed\xc8\xef\xb1\xf8\x01;jTo/\xd5jo!\x08\x19\xd3(\t\xca\xf4\xb2]\x7f\x16\xd2Y\x95\x03'
hohlov.g@inbox.ru;b'\xb9\xdc!k\xb0\x9d\xef\\\xcb\x94F\xbek[\xce\xc2\xb3\xaf\x82v\x86\t6\xc4%\xe4\xf3\xc0T\x14k%'
volkova.e@yandex.ru;b'n\x91\xfb\xcb\xa8]\xd3@\x05\x13\xd3-\x12\xcd\xd4\xd9\x85\xb1\xc9\xe4i\xa8=\x8fw\xed]&\x93\xf1w\xda'
yakovlev.g@rambler.ru;b'"\xcdT\xb4G\xae\xf2o\xa5\xaf\x11\x1e\xd87\xfe\xc2zC:\xb0\xb9#\xdee\xff\xd2\x91+G\xce\xb6\xff'
orlova.o@grishina.ru;b'\xca3\xa6\xe45\xf4\x99\x98Q@\xab9\xfa\x97\x9aXzy\x07\x0eh\xa8qC\xe34{\xeb\x9f\xfe\x9a\xf8'
eliseeva.m@grishina.ru;b'\xe4X\xae\xc5}\x10\x91\xd4z\xfa\xb7[7-\x12D\x82V\x9da\x0c\xb0\xba&\xda\x1d\xbf\x92\x9a\xa7\xf4\x0c'
soloveva.a@grishina.ru;b"\x08\xd7'\x8c\x1b\xd0\xb2\xa3\xf4n\xb5\xbf\xfe\x9fe\xd23\xae\x98,\xc8\xb2H%\x9f+<\xb5\xcc\xae\xd3\xc3"
ivanova.d@mail.ru;b"\xfb\xddO\xda%]\xf2\x02\x16/\xf3w:B\x08\x90\x88\x90\xf9\x02\x84z\x01H\xe2L\xf3\xa4\x1c'm["
ostrovskij.v@grishina.ru;b'(\xd2\x1bY\xffF\x1dO\xb527\xe2\xad-\x16\xffi\xc5\xad\xed\xf5T\x0b3\x1d\xa1n\xfb9\xe8\xd7\x0c'
starikova.a@rambler.ru;b'\xd3\x88\xc5\xa5\xd0.\xea\x9cOl\xde\xc3/\x05\x95L\xbe\x18\x12\xb9\xfb\x97\x8e\xde\x02\xf7\xfdO)@z\xde'
makarova.k@mail.ru;b'\xd6\xf8EPh\xab\x92\x81\xff\xd3\x90\xae\xf5\x8d4\xf8=f\xd6\xbd>\x8et\xca\xba=\xcd\xfb\x13L\x0b\xe4'
ovsyannikov.a@grishina.ru;b'E\x9a\xaeV\xca\xbe|\xe8g:U\x8a\x9fxI\xad\xa3i\xf6\x8fE\x12 \xcc\xc6nK0\x91\xa0\xf8U'
sokolova.m@rambler.ru;b'\xe4\xdb+\x90\xe7\xb2|\xa7\x98"\xe9o8r\x1eMBC\x81\xfc\xdb~\x15\xcd\t\x0c\xa5\x8b\x91\xc6\xcf\x89'
kuzmina.d@grishina.ru;b'%\x86\x81>>\xf8\x99\xd7[\xa4\xee\x99\xb6\xd7\x00\x17x\x87P0{9\xd9O\x1b@\x19\xde\xcb~\xcct'
grishina.f@rambler.ru;b'\nwDLht\xa0\x0c\x9c\x10\x9e\xa9\x01\xf7\xe1\x86\t,\xb2w\xf6\xc2\xcb\xa6\r\xa0\x060\xfb\xe9sd'
timofeeva.s@yandex.ru;b'\xe3},o\xf15i\x1e)\xa9I#}\xe07\x91\x8b1$\x10\xd8Y\x89\xe1\xda\xeb?\x01r\x986\xb8'
semin.d@rambler.ru;b'\x92@\xf6<&E\xf9\xf5\x7f^N\xfc\xe0\xce\xd7T:\xd7p\x8e"v\xb3+\x87\x8b\x15\x0f\x0bMB\xc4'
zajceva.e@yandex.ru;b'\x87\x15\x8b\xeep_\xac\x80_\xc6\xfd\xb1S\xdc\xcd2/\xc1\xa7\xdb\xc0\xdc{"\xc4\x9f\x08\xbc\x8d\xa2\xf4\x02'
solovev.k@grishina.ru;b'\xfd\\?\xea\x8fz\x98\xac\xb9\xc9Lf\xb4\x1bz\xec\xa3\xbeC\xcaie\xaf*r2-b\xe1\x8b\x8a\xc7'
soloveva.m@mail.ru;b'\x80\x83\xd6\xd1\xf2s1\xae\xca\xbf\x13\xe27\x8c\x95\xac\xd4"m\xfci \x11\xe9_h\xb2\xad\x1b\xc0\xe5\xcf'
nikolaeva.e@mail.ru;b'm\x02&\x86\xc8ZqRk\r\x85\xf0\xd7\x19\\O\x9aF\x83f\xa5\xa3\x0fR\xff4\xa0\xb5\xc6 \x81\x13'
voronin.d@rambler.ru;b'\xed\xf1}\xaddm\xa9\xa4\x9c\xe4\x89g\x04\xa7:\xed\xc8\n\xdf\xb1\x94ep\x10\xd11\x84\x1a\xb4\xcd{s'
knyazeva.k@rambler.ru;b'P\x0b\r\xce?\xa2\xca\xcb\x10\xc2\xb4w\xfd7\x16\x07,\xbew\x97p\x10\xcd\x8e@t\x0b\xab\xe1\xed&\xed'
zharova.k@yandex.ru;b'+\xb30\xae\xdb\xe1}\xd3\xfd\x18\xdb\xe9\x82\xf0\x8b\x96Y\xca\xc6\xda\xbc\x16\xb5\x89\xa7\x80z\xd1.QYg'
maksimova.k@inbox.ru;b'\x87\x9d\x97g\x157\xc9\xf4\xd0\xed{h\x8a\xf6\'?\x8e_\x00s\xc1\xc1\xa0CC\xce\x82"\x0e\x1dJ^'
zhukova.o@inbox.ru;b'!\xeb&5k\x12\xc6Y\xf7\xc5\x8c\x874\xc8\xd4\x0c\xde\x1d/\xa6~p\xb0\xc7\xbc\xa9\xe8l\x8c\x93\x8b|'
gorelova.a@inbox.ru;b'\x85]\xea\xe2u0\xcb\xa5X\x8c]\xa5\x80\x9c\xf1\xec\xae\xf1\x03\xad\x07e\x055QS\x05w,\xf5\x1eF'
lazareva.a@mail.ru;b'\xa1vl\xbah\x9b\x86\x05]\xa3\xcc\x8d\xf2\x98\xa9\x8fj\xb4\x15\xd5a4\x9b\x9a\xf6.ze\tL^m'
davydova.v@yandex.ru;b'/8x\\o\x98\x8c\x15\xbc\x00\x85\x934\x851\xee\x9c\x7fg.\x8b\x10\xad\xf6\\\x1c{\xd4\x84\x94o\xea'
trifonova.l@rambler.ru;b"NN\xb4\x95\x122U\xc5\x9c\xfa\x91\xb4u\xc4z\xcfL5\xd8\x0f\xfd\x94'\xca\xe6\xb5\xd7\xc6\xee\x16\xbd\xa2"
odincova.m@rambler.ru;b'{\t\xa9\x1f\xe6 \x80\xb3\xeeM\xc2\xce\x93\xa7\xb9\x94N\xab\x88\xe4\x859\xb1w\x16\xa6u~3\xee\x8a\xb6'
ivanov.d@rambler.ru;b'\xc9\xca/\x04\xc4\x08\x87\x87O\x18\xf6\xf6\r\xac<\xb5\xe9Z$\xad\xa6\r-\xcby\x83(\x82\x80\x06\x08\xe3'
maksimov.d@mail.ru;b'\xb7\xce\xd5\xa7\xe9\x94\xf2\xf5\x0f\xebrW\x13\x1a\x98\xb6\xe3C\x8e\xd6\xf6\x05\x18\x07a\xb8\xf7\x11{\xc0B\xf7'
aleksandrov.l@inbox.ru;b'\xa7Z\xa6\xd7d\x10\xefi\x95Zd\xcei\x9a\x1c\xd8\xb5\x15\x9a\x00\x9b/\xe2\xca\xfaOx\xfa\xb8Yo\xf7'
serova.v@inbox.ru;b'\xdb\xdfgo O8\t\x95 \x81wc\xcb[\xbaZ\xf4\xaf\xc7\x19\xe0\xcfp\x19\x93{\xa8\x82\x14_\xbd'
nikolaeva.e@rambler.ru;b'\x9f\xa2i\xc1[\xdb\xe5\xc5#\x01X\x94\xa1\x9b~\xd9u\xb3\x14\x98\x92\xf4\xc5\x1c\xf4\x81\xabJ\x9b= \xe0'
tarasov.a@grishina.ru;b'd\xe5a>\x91z\xd9X\xb28*\x8aNa\x98\x1f\xa8?\xdf\x95G\xb8\xe8F\xa20fS\xfd\xa0\xdfh'
shchukin.ya@yandex.ru;b'o\xadi\xd4%\xab\x1f\xbf\xe0\xfd0E\x86\xbe\xfd\x95]\xac\x81l\x87WZ\xe5%\xdev\xb0i\x9b\xb8a'
